token_type,token_address,receiver,amount,id
erc20,,0x119a849400dd8b61c8AB8995cb37AF32dBBD2D8B,0.000139243779568582,
erc20,,0x062a07cBf4848fdA67292A96a5E02C97E402233F,0.098473515839756234,
erc20,,0x7239C9c7Ca2ed6F684182FcA881618fE4b557f9E,0.000108066811021751,
erc20,,0xF5f61157f3c13e4bbC5C42E75Ae80946b72de83F,0.000050127916044650,
erc20,,0x7A60e93Df6Ed28C63D5E9283BD91b3C1dC3e613B,0.001302700695566470,
erc20,,0x78b8A76BEa31733777556033e2a116df66C4C41C,0.000065600353617285,
erc20,,0xc92eA4a574F8D61567240ae5260F8BE27Bef2c6B,0.000004455814759524,
erc20,,0xDca875f1514152E3049761fE32C9782719A2F34b,0.000003099891156379,
erc20,,0x652968C8e951709997418eB6B22B7f2f8E99fdfa,0.000294831314726058,
erc20,,0x34845272292c2bDe89e2B764302aBB484e2A7068,0.000072836826559030,
erc20,,0x1A43B9b53dcee806771891f84b93758Dc4a59Ca9,0.000160081552278012,
erc20,,0x5cFE3A15c0f55B8C087D5063258a49e20784DE8e,0.000000280911308493,
erc20,,0xE983d2f4953C8cAf68Dd8f5a196D5fe5f12fbA91,0.000000831930346061,
erc20,,0xD131F1BcDd547e067Af447dD3C36C99d6be9FdEB,0.024618376623331849,
erc20,,0xd5BAF6781D46f7c360e45c6F3831349dE9Af6BeE,0.000025992252763893,
erc20,,0x138A87c80d1659AEe5e729221cA4872F51B2937d,0.000013700371050957,
erc20,,0xEd80D5A03e833D05BF190e116f22E5e447b8E39a,0.000002935267972837,
erc20,,0xa4A45767A697384f685a916e17b1E35e37314540,0.000051474657640908,
erc20,,0xd9B325E4040AbdAe9aE4Bdc31bABF9698429aa53,0.000008819542680685,
erc20,,0xCD1FF54458fcf47a90D57b546dD6E09a2A8cf561,0.000002084207353768,
erc20,,0x09A3A850a138dAce342c79fC14F489e3C5269992,0.000028921022673539,
erc20,,0xb8530006b544561E8Ae916bD34b06E6D7Ad0c001,0.000003833857282674,
erc20,,0xc03876Ddf9fBDc47AE66Bc4c7A639f0D78d90904,0.000071942842471489,
erc20,,0x258B3859Bd1ec183E1CB0d124590894a0DCf85a4,0.000175698345736499,
erc20,,0x60fB4B046b07cE529fb93598286339873d26DD0C,0.000566195869527643,
erc20,,0xe6b5A31d8bb53D2C769864aC137fe25F4989f1fd,0.002496184055751621,
erc20,,0x5012a077e38A65B999388c5c89f18DBd21B45403,0.003084938293171100,
erc20,,0x9fE5829435eB70d4a3C51f8Df130f6AAD3475Efa,0.000059422037962476,
erc20,,0xCBb54Eda2048b57d1b0Afb19a73948E9D58B6973,0.000003110173317840,
erc20,,0x01feDe4Bb0f06cA47735BE98B7a083a60C087a7D,0.000541895578272781,
erc20,,0x8eEF779818Afa953b0652e45438423ebE089F55A,0.000015371715076510,
erc20,,0x75060d4a14735b4a416a26e3d5e64201590dA701,0.000167093053482168,
erc20,,0x8a4a50B13Fd2cb36FeB96c408CB98B4c9F2b8F25,0.000143885684942978,
erc20,,0x9BD215C2530dF574657510B2F991d5C326df7C50,0.000000342561363595,
erc20,,0x48b0320c7E9Fc671841a713156dA73df75765c66,0.000049659751587060,
erc20,,0x196A44D1059E4eA9A528b3720eFbd969CB0Bd6cD,0.000126248084853193,
erc20,,0x1E593f9FAbd9A166fC6Dd0Ad8255A266fDfb490e,0.092745927630018821,
erc20,,0xA0efD27acC781549D5b78e89E561AA0903932d56,0.000127907901772840,
erc20,,0xa5b7891cfebDCf04B62Ede5D68E7cE524d4Cdc86,0.000005833311326536,
erc20,,0x96F937286A008BD3D140F41dbaeDF4ad543B9A9c,0.000061399101892777,
erc20,,0x0851DAE86b9504adB9aCa6bb7031e178d0236fAF,0.000004055451820181,
erc20,,0x597BEa912e8734E17DDc4f43A489a1472d9459cF,0.000000198562245221,
erc20,,0x3470992973DB795039d86B3E6682784b325b3121,0.000002118597296612,
erc20,,0xA2D35E418814A8b6367c66a5ac2FEc8ea16332b2,0.000003291516088734,
erc20,,0xD642279425D986B5A51037cEd3B9DF366639229d,0.000000807345861037,
erc20,,0x0E80A01f8E69D535975Fa34e64498651BC74247f,0.002388463320204322,
erc20,,0x94003c45A74Dbe132D45d15a0993CaeBf55aeb61,0.000004395050372877,
erc20,,0x17F343182B42D6488FC54B6ae73ac5DA5Ad4E326,0.000006494658593850,
erc20,,0x613D330E15e6c54c64B02F23D11a07D38ad911FE,0.000139245925838274,
erc20,,0xd88d0E7b68544f155330610Aca1AA2bf7BDF1c59,0.000245930556830415,
erc20,,0xB6F28ae8f31D85dC27361852b986286113Bc588D,0.001525314070351245,
erc20,,0xB8a87098C7c5B04c6EE70311d7bE8E9AC654d5E4,0.000549805331463240,
erc20,,0x0a16D6fEe7cf6DEb16BC397294872094F92Cb6Bd,0.000004942110649247,
erc20,,0x4dfBd563F7055b8Ec1666A41e07a36f0f9f98B22,0.000116569321706869,
erc20,,0xB5981f66366F1EF8D26FbD343177a0c6FA897499,0.000001786967377517,
erc20,,0x9bE82cD40bFFDCe2336bA286aBc7aFca42dBaBC7,0.000391377725809079,
erc20,,0xBcEdb3E27F2650F4698E1Cc6A02BbD2cEF123B4B,0.000030633726471731,
erc20,,0xdd3bC8DCd86695E36e61A820b8E7cDC258E213e7,0.000305955473716324,
erc20,,0x6C56Ec6B28f2D1941d6C6B65988EE51dcB6accCb,0.000000258994232897,
erc20,,0x0E9B063789909565CEdA1Fba162474405A151E66,0.000013924421120965,
erc20,,0x2C2ADD1C863551A0644876be227604C8E458dD7e,0.000020541709056487,
erc20,,0x6e51fCF145Ef73D29f67026DF3365c82B3a1538f,0.000000496916175161,
erc20,,0x3D33F5eB83c782af66C437A7585ED9d33f180172,0.000025127095288778,
erc20,,0x95b05F935655c37ADa2088c5767E5006f230B068,0.000049030791144537,
erc20,,0xAa32a69dCC7f0FB97312Ab9fC3a96326dDA124C4,0.000115368391283244,
erc20,,0xF95dFb129223Ae03Dc8121b16EE8C872DB8D396d,0.000005761182825117,
erc20,,0xaef1889D58677805399C6F8326c11D159B09cAF2,0.000064093633034616,
erc20,,0x033120e463a472f879a62f854984cd682FeF913F,0.000004388227256458,
erc20,,0x1F44Bcd464fA5BfFA4b759E605EFA18bB313bf35,0.000004316570548289,
erc20,,0x339fF09680b65FcD81D38A11Be4E75F34c8966Fc,0.000015224900067124,
erc20,,0x3fE2e08a1F7766606574a91a5CfAf3342d023947,0.000031291723045321,
erc20,,0x883d5a4A8EA4E8F0D9A970FAb8Bee84f50ADA9a2,0.000002899031520069,
erc20,,0x66D071A20d7942767739BBca130E08e4848D12Bc,0.000049369997822314,
erc20,,0xA4fd65694A9708C2d204BDF7acF8b9c09B105903,0.000006212210400147,
erc20,,0xf4db9BD798156B4071f28910aEcC35dD9dE39E3C,0.000022927475719045,
erc20,,0xf3a019D2f83D311bcDA86E380fBB36041ecfff64,0.000003482720232948,
erc20,,0x6DaC996E32cEBcA0afa8Fc701C5eF65088a90947,0.000006258222602997,
erc20,,0xd1a5b91957530E1B3e9cfac1543467C60c352F69,0.000041405856090400,
erc20,,0x841AD0AbAb2D33520ca236A2F5D8b038adDc12BA,0.000038475032153752,
erc20,,0x2126D723eCb1703d51caF3906355f802BbF2989D,0.000018428547323999,
erc20,,0xE14a13b8eB93B6569a748EA57A1A97025fc82BE9,0.000008072549292263,
erc20,,0x8989759B3e23511214ac89be112F4EB52cb6db3c,0.000512237670375965,
erc20,,0xb93AeC1fA537c57EC77f513E6aaB97c2059E4f8F,0.000668372323234893,
erc20,,0xC0213C39fc61F2Ac6ff244c614E028d1bB1700F8,0.000003847425671753,
erc20,,0xA8129913F7961fc3C62325fea1490ECA51b81A71,0.000003171109540189,
erc20,,0x043AC44F8Cec7e359A31415f1e54459A8c2599a0,0.000003249031595487,
erc20,,0x27Db2dDeC1b2030287beEbA4910fa0DEBCEA4353,0.000029923859482854,
erc20,,0xc2ea63654C1Ed3c7cA859127598187AE370e218c,0.006831754653688200,
erc20,,0xA1Db2b7193358B8467266c6dceF285C30410b99d,0.000074727726696192,
erc20,,0x4F321aD6dDC21EBcf9eE7213D2B41895196b6a9B,0.000131420533661637,
erc20,,0x9924A2191Db3Dac662dAa48eF9F31a9EEf1d5962,0.000164951312930753,
erc20,,0x9d77056156459335001147c870D10748182c6A86,0.000000005314182934,
erc20,,0x3b1aeeA1C8E8f627D0411Ebd2F3b655eD0Fdb7e4,0.000000004875403982,
erc20,,0x54B2bC420f9d59A4a4Eda1c5121D6FA43Ad80193,0.000136066096406417,
erc20,,0xB6c3e778FbfC698f5B3fc941fA4727525141E0Ca,0.000133600898815794,
erc20,,0xb001373b6F8d09Af6560fB689Aa5f3463F9709e1,0.000039176670775029,
erc20,,0x1d347c5253586FA0412B0abe3452a2c958f894e5,0.000141512952564493,
erc20,,0x1a3b4a8Cea8B6AB6bcAA105C819d40f5D2b59f40,0.000006978058281029,
erc20,,0xB69e74324bc030F1B5409236EFA461496D439116,0.002704606906008624,
erc20,,0xC5aFc3a0F462C5a387393421b6A253204a3Be8D2,0.000006413402710542,
erc20,,0x0e4cB1Ca39313a34b92CE39ba78748F7edD71E15,0.000030388466066427,
erc20,,0x062168300176aA3947d2FEebccEe188eF35aBeb5,0.000000091880578082,
erc20,,0x21E297211b6277bbB6ceE77dF95eDD1A6f3aD4Bb,0.000063309701374910,
erc20,,0xE62EF24D033a593E8B0cc6cb9932aee4BeD9d1d8,0.000002784884224703,
erc20,,0x0E4e583EaaAfd1D57E883Ec6cbdb4915B3C31410,0.000000004177326337,
erc20,,0x2E3a5B0572d827dF95A497FFBf3d741fc6dDc776,0.000000018565894831,
erc20,,0x9298d341A4be80a7baf28B5756f37d864546EC87,0.000040287991784034,
erc20,,0xA41C7df6Ad3d886B436A54621c1385c6Ca51970e,0.000000004316570548,
erc20,,0x9387F71F3928ebe9cE8B3D8cF37a8FB52739aE7d,0.000157326791598013,
erc20,,0x16b0d2FF92fB7651Cb6C5be722a32376BB190315,0.000019568453152245,
erc20,,0xEc232193782425885d3a8946E9e89de00fcB441a,0.000000287771369886,
erc20,,0x4347323e6e135933e2Fed641f49B77cB40751CE1,0.000000143885684943,
erc20,,0x5Aa498511DcDaf36a85833A6E2384dc93720e5f1,0.000153696926693014,
erc20,,0x23E4bCd3d2A02F9791349eAC5692b4c153B1eE72,0.000002060628667332,
erc20,,0x2856cf9905D923469bB749e9787Fc953B0a321e8,0.000000348110528088,
erc20,,0x104D86705c46e9422B803AF522b43809f1C8e4e9,0.000664833944222948,
erc20,,0x7b1768877a8Cb5f51ADB4c231626DaE8f862f881,0.000002014399589202,
erc20,,0x25B6c539F800A93D2f908ed365EC77eAae293A4e,0.000008637457667127,
erc20,,0xa77CE92A601D504a6D64af843EB5a3994616969c,0.000000325831454290,
erc20,,0xc322A1122a8981347E5F9c8bEd2c1298Bb474350,0.000000297054317302,
erc20,,0xF1fa70f061fDD3021819Aa77deDBb7554652CEbA,0.000048271326561515,
erc20,,0x50b7b1cA8ae1C78810F4255eB382e29322c184e7,0.000048680473181342,
erc20,,0x2583A4800A676dAd86240b2d6aEeDF618c6A2fdD,0.000148944499619599,
erc20,,0xFBD2291B98E612A64c4f81e40657354743Df3EF9,0.000001697788581270,
erc20,,0x25CC275CFE3Cce1700E816e00d4CD1f60872038A,0.000000014388568494,
erc20,,0x4C16e06a2De29ACa77029CFd078B6C336C40E64A,0.000003404171143936,
erc20,,0xc960517deE7a3FC8b1F28481fd82756023D3470D,0.000043629852853677,
erc20,,0x011211eC9576923988C2Fe5aA3a362528c4e7e64,0.000002654922960883,
erc20,,0x3DBe2B199E14e7450eEA130b5F6B468c8C7dFD8B,0.000015857406240637,
erc20,,0x6ffD435b88902388D5A9C65f2bCe6a75e1b14093,0.000110176982868571,
erc20,,0x86D7933192B1fAccb62dB1e893dfe25D1e2104A7,0.000004649822769903,
erc20,,0x7d7a53e0B9473Ec6A4D9F47E03BD19871203841d,0.000147737255391069,
erc20,,0xB7BaBe35CE543e2Cf2F615CB1c792a2025feb572,0.000254211542545066,
erc20,,0xDd16f14AA9226E7ECC456f8b52427F92EB7B84ee,0.000000003249031595,
erc20,,0x8143107F25d8f9ea5A3643CDd0Bf7aC68d8c3277,0.036142980753028173,
erc20,,0xF8e8F48D0E72e41A21acC8897d4012126D04De78,0.000336398012092635,
erc20,,0x8008C76d9d9484b6Af5d53B7426b1c84A63dbfE4,0.000003701846753243,
erc20,,0x7a4510D033986aF688A0a8a9eF114D07A7b2A577,0.000188455930711175,
erc20,,0x311d85DA0c2F2b685aae66a7Ff54bF8Ee9C8277A,0.000117146154912123,
erc20,,0xe966C59c15566A994391F6226fee5bc0eF70F87A,0.000115375398984445,
erc20,,0xb10bE5cBBF9655eD3648184Ade56d3B4d6cEdD4F,0.000000057554273977,
erc20,,0x521448FD2b002c31a97D56f3a275238De0976cD0,0.007756210506504642,
erc20,,0xfCeA11FEA318A68BD40Af61D23F188FD5662c04d,0.000006683722139287,
erc20,,0xB8569a63435b283C0BE0312b06084d09C91c0512,0.001227220059425256,
erc20,,0x3491aeF77C91edD435347CC61a926a31157a497d,0.000004273692614176,
erc20,,0x6C98bC1A1bF5282692267b76F4D12D401B13D380,0.000005569768449406,
erc20,,0x989c4FB381b38fd031862F96a8519ac438552EA3,0.000077105015998776,
erc20,,0xA4573c69aeC75D90a3aA4F963453148B96153099,0.000001519432832998,
erc20,,0x357990585a6BB953DCBA126de48585ed27E22319,0.103749918229010682,
erc20,,0x2b5a0bE5940B63dE1eDdCCCa7bd977357e2488eD,0.000019204533551004,
erc20,,0xD2602C7bDFC9F413974e944280BbFae275d1B1b6,0.000033109146817215,
erc20,,0x1E18687410c6EE53A83cCD170964D5fD63bC22C6,0.000014852715865081,
erc20,,0xa98f8043eB2C880765C952970988cD12d0B8664d,0.000504736138705828,
erc20,,0x98289029B0d4bB73Ead9Eb1A3300eD724Fcf6779,0.000101298307084081,
erc20,,0x4CE268F49EF0726d602a8b0f22FcC543aa23bb51,0.001950078030078997,
erc20,,0xbF49B454818783D12Bf4f3375ff17C59015e66Cb,0.001115270642437132,
erc20,,0x88Df4D4240d4F388A88d9edC1DbC7D0154B996Cf,0.000000287771369886,
erc20,,0x9Afc59A4be9002129b778a00E00D78d6c1d67939,0.000073630355877676,
erc20,,0xF059B59bdbeC91d83C558B4a3CD3c1c6E275F2F1,0.007847330414679542,
erc20,,0xA3Fb8F7c9582439a57C7D57F15Bb55bc4AA9F0F7,0.000218824443498176,
erc20,,0x827B4277CeD13f7eCD6d37CC214C26bc6Ba1D76B,0.000029649520427519,
erc20,,0xd6CE43ea34826C5831E3E815E6af30E2913fa0Ee,0.001185572870232550,
erc20,,0x80D2214479E1CF9D79ea6690C4fff58FC56F866C,0.000130815427257310,
erc20,,0x33ae689b96Fa5C23AF5def0C6DC3890F5d9F05b0,0.000000014852715865,
erc20,,0x640619Af8b2820E0b1F7eac15D0b769A78225715,0.001791268342800602,
erc20,,0xB3bE89B013d6Ceacae9D7E7805E17849287eEC5f,0.000003851570448091,
erc20,,0x5b0254bd9Dc7CFFCfDfBed999F6390AB2ac3811B,0.000929187613013070,
erc20,,0x5AEBB1dAE61E98c440EE7E0075e22dC78309f64D,0.000068039280641725,
erc20,,0x7dC50796Fc2723F7cB74B4BD1C237FF942a65552,0.000003932590469199,
erc20,,0x51b7047a028a92377209E1DF0320b0A248944778,0.000010065035735447,
erc20,,0xCEfC41Daa1fd38C01c2672604b67859219BEF067,0.000124854468041674,
erc20,,0x7Bd0faFe34a8B64AfAf16166d644CDbB2B950aaB,0.000003172156692874,
erc20,,0xA6CC40D4297400D7D594F092cD5769091b5f61e0,0.000280164922773551,
erc20,,0xd6255aE13aC335b347aa846802aD6aC39dd2543a,0.149288330542673792,
erc20,,0xA788E0586409FA4eaF986E24604003adaa3dcC9d,0.000297054384169893,
erc20,,0x09b93AbCA90eC10B8572d257Ed691c8F82Fc1A3c,0.000028892245536550,
erc20,,0xc1bc64efc56D7dBe2116c93d7CB7AA751c6E1a33,0.000028892245536550,
erc20,,0x1cc42446804338f73C9cBa99B5a0e0A695fe1074,0.000068633471717800,
erc20,,0xB24B961C30F5a4A0F599513c52b790c2b369d7e0,0.000067770157608143,
erc20,,0xcA7a6a53d5576102765a0281c723f863D881DC96,0.000007951629312188,
erc20,,0xD08c3C698C25B3cC25B6d9BB7a9224070679B04b,0.000000029627903344,
erc20,,0xD1A0B66835D830e9ada42eEf436f3AA8005b20B5,0.001484170456682722,
erc20,,0xD55F189478e546Cb368394D5048231A6ba26c099,0.000403769652877319,
erc20,,0x82261dA9de775E5BB41A2654e5097C7e0E749A4b,0.000005437723380885,
erc20,,0x831E89b47a62564aBe61644a6F33d96580F487A9,0.000000029705431730,
erc20,,0xeDC5EAC669E11a83D566A94359cC5a66dC935Ae7,0.000001373485642762,
erc20,,0x2957C2968ebcB91f5683768a9bdC468d08C2a2C2,0.000460397338516289,
erc20,,0x88B8dD3E10788B48314567F512CD3180716F8D5D,0.000199903281252580,
erc20,,0xC1A3078e1308ae72c79B472A92b1282Ddef5Bd7A,0.000000284893656187,
erc20,,0xd8e8034FCc2deEB1FE33AD8e19f988F2d6d2DF1F,0.001722796390304316,
erc20,,0xF0230D66D017a5CE8c4b64195706F8628F198a60,0.000000594108634603,
erc20,,0x2Ec19e982172EaD28B312a07FAf25105fB3747d8,0.000008633141096579,
erc20,,0xc78ED989d84EAe2537dA1079e0A4B314a71A4369,0.000007081919856168,
erc20,,0x9A608d9F416518b5F11acf3dC5594C90D6998e2c,0.000000050295947641,
erc20,,0xF4F2D8BB321D3aCA51BDb146BB01F3C5399A6870,0.000221836142972706,
erc20,,0x4F49C34759B7e888cE77de9dd34FEC63d63495CC,0.000001288175218901,
erc20,,0xca9452F22D1BCE2520433A1E183B659E6bF72FE6,0.000046357760043750,
erc20,,0x1A81AFd356cF715dBa4b59d8242550BC7b7AD186,0.000044739438545121,
erc20,,0xF0FcB5B2eC2D511C4338F59528BaAFDaa1f3ff37,0.002334911905276088,
erc20,,0x52bb895c18359647BEcDB665ebBab3F382e39Df8,0.000000028777136988,
erc20,,0xE23507DB4351cD60067a8f2D328328BD9Fa8Df34,0.000001549463397416,
erc20,,0x28aa4F9ffe21365473B64C161b566C3CdeAD0108,0.191228716762933043,
erc20,,0xe28195BAAD36366ed54574852E4A864D1A351332,0.000004351997617891,
erc20,,0x5b05DF99fC93d76d31603427798c58fe15b62431,0.000000005758305111,
erc20,,0x7350F295722Af36d2c830163AcF60412a381c451,0.000008316766501326,
erc20,,0x9d4eb973Cb2cfBDCe578e09c48D747Aa3ecD228E,0.000045721458530542,
erc20,,0x2bC12061C8912505978472C21d4a23dB43AF62aA,0.000000011510854795,
erc20,,0x802dbD9Af9055C0c8C92C610106618289D31eff9,0.000000045978305136,
erc20,,0x6b8B01df86bfAaF79Dda038009fc5597425ad0cF,0.000003247380764712,
erc20,,0xDe7ce1835B7559Ba79c8954fDe11970eFFe1BC42,0.001878719116525631,
erc20,,0xd84D7BDc4b79171917C81ddBB22A01139EB4cd84,0.000002964045109825,
erc20,,0x09D57F361f794D150C04443A7B6e369120DC2bea,0.001376127279517633,
erc20,,0xB26B5137BE5A7bB991Fa63A36a8EaA3daF394B7b,0.000000002970543173,
erc20,,0xdcbea49587252B704B903e7295983E2CEB53Af3d,0.000500676471146240,
erc20,,0xCfC9c1dC9C033a6965559edD6C7810cc1de66269,0.000133674442785734,
erc20,,0xE2e14BAe59D7fE80eC0453213cC425f2CA0f616A,0.000000019819092732,
erc20,,0x426cf0A8423A9522A78cd3325984AE000D425EeB,0.000011603684269595,
erc20,,0xEF13B0272700ca22C57E055f0d2ad40d6C78155E,0.000000163379874516,
erc20,,0x78366a722EDD130CA1b05b269bF3c0E50239c9A1,0.000000027570353824,
erc20,,0xfFA5AE55DD70280bEFE538B5AE9f37859912Fc2A,0.000980279247095384,
erc20,,0x34aBD0D41200d717Df3465755099903f38499155,0.000031326144164203,
erc20,,0x1708C67F9d3095c92DDCf92E920f11A0aB64eD53,0.000000009468606364,
erc20,,0x62707F17000355C1115DcB52309686ACB4bfa52D,0.000000473430318199,
erc20,,0x4815Ee939fE2efeC2f7bc415f0cE2282f6417fe9,0.001444847190014912,
erc20,,0x199C92538e4946451c2b2BCa3c0F5722E008615f,0.000262798856446611,
erc20,,0x634EA5142039756816418931AAB3A26e7a209f8c,0.000078767133879339,
erc20,,0x2d9daC5fc34696D6cB829EA718DF63BA826977af,0.000139246667771469,
erc20,,0xbe270144130871B2da89600E0D3FcAf552AB22cf,0.000027848842247028,
erc20,,0xA63b833C4bB36bF5E9d1C981Fb17a4fF37dD68f3,0.000000147939718456,
erc20,,0x529656620D914443405A55ec42Ad0eAEaF0b4A2c,0.064683577592430305,
erc20,,0x43260994621E508b5Ca41D74b606d4000A46838E,0.000001624515797743,
erc20,,0xF65613c442B9ED7115DF2882fEe87abDc4dbFeb5,0.000041043564801340,
erc20,,0x299DC65de39bd7b353F2e16881eadE0057d4D010,0.000006043198767605,
erc20,,0xEBC02D34bC82e0E20Dd77F7de6d492e0b6995daF,0.000104433158426355,
erc20,,0xE87a10d5B212D169CCBC9a50Cf5E23DD3da27cb6,0.000122366395408317,
erc20,,0x9800D62447457fA8D719f735201dAA7900DA756e,0.000000004827132656,
erc20,,0x31A406EfBD18897c85A028CA2Ad9Bbf06FebAA2c,0.000000028777136988,
erc20,,0x7ea726De86fd2E60480902C6d31EfCbB0f9B6Da8,0.000035842072646454,
erc20,,0x5c65cFA87605A767aF7DCBE97c097a394C307790,0.000008837365939723,
erc20,,0x1CabC3e62e0527cBe09917F5Ca8e6D9999502d82,0.092745927630018821,
erc20,,0xEa82A6482Bb7Ea76114255E74d78fB9B345f25Da,0.000000627886934221,
erc20,,0x184d473862543B07bEF4D217fd3D5C0D8893E71f,0.000000779628338706,
erc20,,0x51fEdC21D840E13862e1fe02AaBFFA401ca4bF21,0.000000796476888265,
erc20,,0x736eD70a9059978A9C7733cD65E780f0c7bD162c,0.000000002877713699,
erc20,,0xC8a8Bf2e37fC1a205fb8281A6a866Bc8F7110041,0.000000054676560278,
erc20,,0x0B6D7B0309c7123c5Ec04B00cc92cf1b9082C8C9,0.000000057554273977,
erc20,,0xDa9BfAA363DfCFa220516c6D0dE653389e8De01C,0.000000459505897076,
erc20,,0xf05D7Df85B53049d16484D4A3201990470C1184a,0.000039866678025005,
erc20,,0x9250DcCB32C94125326C5e4dc3329dCcb2d804C4,0.000311171341996102,
erc20,,0xbbe3aba57ac2a5dc36eBb9769fCbD53FD5153F93,0.000005798059333725,
erc20,,0x6515e5Acbf56e6b99a832E494DED3bA2CE33c227,0.000029089786657555,
erc20,,0xE8a63B086CC7FB2f2c4B48Ee03dE68fC6b517bc9,0.000000434822539898,
erc20,,0xdC91EcD9cFC5511E18Ae16E75274d99E79Ce57Ed,0.000000057554273977,
erc20,,0x04873c32bD0ef188FC6a5F5Da6A048c1fc809eD8,0.000106385536671026,
erc20,,0x94109b35Fee4c92489Beb6d14a973873FA39f3ec,0.000047924506033669,
erc20,,0x895eA5c14E3F46D5718aA9f74b76f7e127E1B3C6,0.000026966277895701,
erc20,,0xd9433fEB77953cF723f672b1E1dAf228AA3F55ae,0.000007917872337088,
erc20,,0x371D352fCb33D1C5804D43Cc70482C4C8F13151e,0.000000089116295190,
erc20,,0x8C702A9a6e0cd14a53251C630743c4F5327eddE8,0.000000297054317302,
erc20,,0x434ea8E0304e03f40fFda3eFe6B06fa11846a4A4,0.000000781160025029,
erc20,,0x10E7449c75dBbE2d18E9f4cCEEC7ab6c7d1F8A30,0.006491565127782220,
erc20,,0xb7658AAC84dBe5924Badc9d780c36442dD46306e,0.000008004032667674,
erc20,,0xCAc3bFE014Ee049d2EeEc30c7A396A29b1FE1349,0.000000002970543173,
erc20,,0x2895FF2286A610FE63c6412FCf2D46127439FA68,0.000067194614868371,
erc20,,0xb1a3EB48091fcfC4EdD53745d4afb1763F004B88,0.000028892245536550,
erc20,,0xda3b62C6f1611894e578c908EC90Ec2765872088,0.000028892245536550,
erc20,,0x6198A21292308cE287eb9e36e273c1773c5cA888,0.000097698380076282,
erc20,,0x5CB72d2558EAb3638B4B606b1FC2f276aFb01a8f,0.000000046653121494,
erc20,,0x1d1eC8969BD49833b6512483A75c62Fa98621e8b,0.000007006768709352,
erc20,,0x6Bb275953D6297261386A8eAC44db37e8f278eBF,0.000201670176016078,
erc20,,0xcfC361b813A85ec32E86Ec3b33A0F5665a2E3946,0.092745927630018821,
erc20,,0x35Ae4a1d9C39d077F7a27293123ccf00519414B1,0.000012308900501816,
erc20,,0x712a81B587AbcaA64EA8FF2F0201F2379BF120E7,0.000349196867959127,
erc20,,0x2984Bb4953cfCE2cEc957388BE686D6c38779234,0.000000031562021213,
erc20,,0x264827B8DD1cA3EF6afB080241B3D3D8dE8178B3,0.000005632410296982,
erc20,,0x71c2cF4877c991f5B7047636C8ebc04408a8312d,0.000016709305348217,
erc20,,0xCBF9FD96c81823BF23E3e2F51CaBa189f29104f3,0.000000133674442786,
erc20,,0x020Ee2b3876d33EdE0D7C751a3a4593CAB11b90b,0.000073186757425189,
erc20,,0x89f80508845277300e5bCd612904F7B4bf0d8369,0.000028892245536550,
erc20,,0x6C9919762FD9a8d99e8123F7dDB55c82F53AAB0f,0.002510774786897888,
erc20,,0xbbE6b6050Dc3457AF4fc0C422f1cD42993D2A767,0.000003141349405465,
erc20,,0xd6649265Cd93342Cd0912D3Cb717Ea44073c64Ac,0.000155505450422495,
erc20,,0x56Eac0bAF81DCaB4b302C8008Ec95b466F0664AF,0.000000137387621752,
erc20,,0x5Ac33F16AC10db83f78C1e9bFa0b078d390856C2,0.000057495420090576,
erc20,,0x7Fd303c53831f4a555bF419614Cb0BAb305c358c,0.000009598567627809,
erc20,,0xbe7FDE13e0c35a57a52A670F6F2FDdd1A90F2C68,0.000073666482321616,
erc20,,0xFC3628072a4566A412eA93937169DeC1ac4D64DE,0.000000519845055278,
erc20,,0x96ce0AECdD145136Bc94b3484c57ee4572064A4f,0.000000038548659852,
erc20,,0x657340f8F3187bB251700edE07140aaA93C08c35,0.000000044186829699,
erc20,,0x5E27879755EA2262D7A426de8FFCDDE372a3CA71,0.000053098459217667,
erc20,,0xE53f8Cc868dC2e0fb1Da5BD1b5E6404600A6DE22,0.000062247732190557,
erc20,,0x0D5fc3c5239a5AF4Eb5675cc9877e9f0c4225C19,0.000000057554273977,
erc20,,0xf9e1D1e9F22c96752356AdFd377231528c7E851E,0.000105957877545163,
erc20,,0xB230628e4855Da9F6C2a34B6dAe57532a08f5851,0.000451480702642146,
erc20,,0x1D19dA85322C5F14201bE546c326E0e6f521B6E6,0.000004000755971206,
erc20,,0xf2EfC7b78168abC6A5be99e5624c64f2499d91fC,0.000011318642805866,
erc20,,0x082CDB957D0EF9aE865e71F0fBbc5D7E0AbA6e8c,0.000000309122148942,
erc20,,0x8ce4fe19ac5ea0df14200FADd5450c3cF40CF0D0,0.000141338517574151,
erc20,,0xE711D6B006674a271866553a22AcD3570DbF46Ef,0.000009609705173912,
erc20,,0x7C4D5ABe8406530EF2aa536F071D7113Aa2a8cb4,0.000012996126381946,
erc20,,0x5E156540978a1F1Ef032976F77d5d273Ca83Ace7,0.000013647206296009,
erc20,,0xcD097cd5A1acbC2F52F1a018bf47C9089A54D6aa,0.000006240753408406,
erc20,,0x5547150E553fe3D461333f6D4b30a5fb312538a3,0.000006617733985586,
erc20,,0x06C4A1998567eB0502eEA46426492F366a37A7a8,0.000000352457636838,
erc20,,0xDE8a68D24C9542Fc8C1Ec6C7f881543D92404bdE,0.000054954834565858,
erc20,,0x64766a112b319DBcD77E3B20Dff62B15693c2C70,0.000048446484684211,
erc20,,0xb4DF8032F321A7192ac81AafE7fAB0dec25abA3A,0.000000023021709591,
erc20,,0x5c81975bdE46CA89c49b20eBD45487D2908FaaCA,0.000006869381087600,
erc20,,0x0cd60e6c7F68ea738D930757033561A36cE17d85,0.000006037708331365,
erc20,,0xF8e016D50e75C32de1f6aeab8395c96C4c76F9c1,0.000095640436588206,
erc20,,0xc2552747697ad2eea67Dd75E10F7933A62cEb64C,0.000205276918991791,
erc20,,0x7D3E5dD617EAF4A3d42EA550C41097086605c4aF,0.000002533002401218,
erc20,,0x4546e1f688A645A2aF438FDb01fBa79A8D80352d,0.000000043231277464,
erc20,,0xbFC4fBBeC37c291aeD1d14f02B5221d0bE0Fe8f1,0.000626385954052006,
erc20,,0xFa93c9A95727268b88Ff77b5396ED3B8b59a1BA1,0.000033155715429190,
erc20,,0x4581b0c0D0d6Db8Bf970E93d6bAa004F0254d6Fb,0.000025249616970639,
erc20,,0xD0886275a97757676f051B29D3b636bADcB1Acb5,0.000022093414849309,
erc20,,0x266819E6C2Bc359EEF9f2F850E3701F56a16E8f7,0.000018937212727979,
erc20,,0xaebAea3A77E0Fa4784654b32C5d49370e742c93C,0.000000309122148942,
erc20,,0xf211D1166b9a07109174372fA2471e211Ce7286f,0.000137375910606469,
erc20,,0xF7Fff4bbd506f4994738C5C8C86A409FcA929e5b,0.000003228609111172,
erc20,,0xcc9AF4D670724CB0Ca7EF057Fb87235E97A89667,0.000152704484987870,
erc20,,0xabcAeC399A891Ed703d3B6889D0F385B5DF135DC,0.000000137387621752,
erc20,,0x4cd34f7Ea5412CFDcf382139786B44Eb63617701,0.000704575728282143,
erc20,,0xb7aa9F0fFb25c4d8B3D7A66f1D7D3E59b7E09658,0.000001931472149740,
erc20,,0x207ac8e8b2Db9BeC1B53176f26fC16c349363309,0.000056895629810778,
erc20,,0x59455BA3D00Bb8cBeAd8fE6DB3973210e49D4303,0.000049462354191313,
erc20,,0x082aae07A43Ae1885BcE54112B782592d99Eb049,0.000000781160025029,
erc20,,0x7702697F429e12fBD432EC7364047A519e81408c,0.000000781160025029,
erc20,,0x15FECfa8Fa295ad7383D84D172DBE51792fA95bB,0.000015392283897501,
erc20,,0x49067F927BA9eD9d355b5FE12024e6A2739fEe26,0.000156508030695580,
erc20,,0x3D460F28D48061B3bf1353B96c4Ba56011aD1FDc,0.000017090923790420,
erc20,,0x350CeF1AdA280E63fB62bBA4952ABC7c98aC215c,0.000000000386170612,
erc20,,0x3e1BAE25bC4eeb818Eab90D51E3Af356802d4Db9,0.000004329549066741,
erc20,,0xe45075a19EFef9A46aBB8C82484780b1E9abdC6d,0.000000162451579774,
erc20,,0xeAfcB5B9F0bE74296d89182C9915117e59882f2A,0.000000003991667389,
erc20,,0xAC50EA088B5d676217B9a2C76124010d1EFD4c67,0.000011654740480381,
erc20,,0x5929cC4D10b6a1acc5bF5D221889f10251C628A1,0.005538175568885292,
erc20,,0xE729E82C62bA98Ee226DbF680803CFB4189DBE30,0.000003810155712090,
erc20,,0xfeA573eF9d5eD5b470311582C99c103C38C0320f,0.000004270155811211,
erc20,,0x22ADC81De50eB7f27D11653BB925507Eee90C59a,0.000002696288913364,
erc20,,0x71f05A99e85c7FfB236c21e41e8324f8c733bB38,0.000006962210561757,
erc20,,0xDd611400884430b2B1E92509bADC88D720768B89,0.000015419867209554,
erc20,,0xbEb422140E7bD9fDa6B482Eea9d1ddEd333c339d,0.000000065989950104,
erc20,,0x58C4f03a954e4CbB1b8E204a881a8e9A99d015Dd,0.000046414737078380,
erc20,,0xbc4eC4aef8254f7434b654DF5D9DF3EAB15B252f,0.012569768686086865,
erc20,,0xe2665C6b02ea68e0Cf3eF1a74B88155EF10243a0,0.000061508431103822,
erc20,,0x7Ae0f2cc4A14923fb14b354f44512889259AA138,0.000655864688915111,
erc20,,0x17A4199329820f7e6cf677b5d51716ac584CeDf9,0.000007276902479148,
erc20,,0xd7885424c9Cf07cC9Bf29D914F58E8B0CFd6FdBf,0.000016567170154910,
erc20,,0x49C521805f7Cf934162DBaAF53585eC9602B5B2d,0.001420290954598426,
erc20,,0x5C72B98aa0C0fEe089e7bf4019c509d880E4199b,0.000032645754285810,
erc20,,0x9CAAD9B729Ef898a232202d53D91343a286C6960,0.000929593757177119,
erc20,,0x815f60d1B6d78Bf6091840B0718676c0125BF5fc,0.000003713178966270,